term_id,term_str,n
0,the,4484
1,i,2334
2,and,2290
3,to,1590
4,a,1534
5,you,1178
6,was,1165
7,it,1155
8,of,1125
9,he,1088
10,in,1040
11,said,966
12,t,715
13,s,679
14,on,639
15,we,616
16,that,603
17,had,478
18,at,476
19,with,474
20,up,469
21,were,439
22,all,435
23,brett,432
24,him,426
25,not,418
26,me,410
27,his,410
28,out,390
29,they,382
30,for,372
31,bill,344
32,she,324
33,there,322
34,went,298
35,down,292
36,don,284
37,have,270
38,one,262
39,what,251
40,mike,251
41,them,248
42,bull,244
43,my,240
44,do,240
45,go,237
46,from,236
47,be,234
48,good,232
49,her,231
50,cohn,228
51,like,223
52,as,219
53,about,218
54,so,218
55,is,215
56,know,212
57,did,208
58,get,204
59,no,201
60,then,193
61,going,193
62,back,191
63,but,190
64,would,188
65,came,188
66,very,172
67,come,170
68,see,164
69,into,163
70,got,162
71,m,157
72,just,155
73,when,154
74,been,153
75,over,150
76,some,147
77,asked,147
78,re,145
79,this,144
80,looked,138
81,us,130
82,right,130
83,could,129
84,how,128
85,ll,128
86,time,126
87,ve,126
88,people,125
89,any,125
90,jake,123
91,want,122
92,can,122
93,through,122
94,say,121
95,well,120
96,an,119
97,off,118
98,oh,118
99,think,116
100,here,116
101,yes,115
102,where,115
103,romero,113
104,let,113
105,two,112
106,robert,110
107,too,108
108,little,108
109,by,107
110,put,107
111,never,105
112,now,103
113,their,102
114,around,102
115,room,96
116,if,96
117,street,96
118,table,95
119,wine,95
120,night,93
121,are,93
122,way,90
123,drink,89
124,d,88
125,hell,86
126,who,86
127,took,85
128,after,84
129,tell,84
130,started,83
131,saw,83
132,other,82
133,wanted,82
134,why,81
135,again,80
136,long,80
137,crowd,80
138,look,79
139,another,79
140,hotel,78
141,away,78
142,town,77
143,sat,76
144,looking,76
145,only,76
146,something,75
147,big,75
148,man,74
149,walked,74
150,turned,73
151,your,71
152,bulls,70
153,always,68
154,along,68
155,made,68
156,make,67
157,count,67
158,or,67
159,door,67
160,three,66
161,much,66
162,head,65
163,stairs,65
164,square,65
165,face,65
166,anything,65
167,road,65
168,nice,64
169,café,64
170,more,64
171,didn,64
172,morning,63
173,old,62
174,stood,62
175,really,62
176,must,61
177,take,61
178,under,60
179,hand,58
180,will,58
181,across,58
182,stopped,58
183,rather,58
184,bed,57
185,day,57
186,side,56
187,though,56
188,against,56
189,money,56
190,bottle,55
191,first,55
192,trees,55
193,white,54
194,ever,54
195,montoya,54
196,feel,54
197,car,53
198,fine,52
199,dark,52
200,while,51
201,ring,51
202,drunk,50
203,read,50
204,fight,50
205,left,49
206,thought,49
207,felt,49
208,thing,49
209,sitting,48
210,give,48
211,outside,48
212,damned,48
213,talk,48
214,hot,47
215,fiesta,47
216,coming,46
217,water,46
218,should,46
219,isn,45
220,girl,45
221,each,45
222,sure,44
223,bad,44
224,before,43
225,passed,43
226,eat,43
227,gave,43
228,bar,43
229,san,43
230,called,42
231,great,42
232,told,42
233,english,41
234,things,41
235,men,41
236,toward,41
237,behind,41
238,country,41
239,standing,41
240,quite,41
241,brought,41
242,glass,40
243,waiter,40
244,love,40
245,friends,40
246,front,40
247,our,40
248,nothing,39
249,won,39
250,smiled,39
251,paris,38
252,last,38
253,better,38
254,wouldn,37
255,lunch,37
256,talking,37
257,sleep,36
258,because,36
259,seen,36
260,inside,35
261,coffee,35
262,hands,35
263,eyes,35
264,new,35
265,lady,35
266,doesn,35
267,ahead,34
268,sebastian,34
269,glasses,34
270,watched,34
271,gone,34
272,remember,33
273,together,33
274,heard,33
275,bus,33
276,lot,33
277,tight,32
278,god,32
279,light,32
280,knew,32
281,still,32
282,harris,32
283,belmonte,32
284,seemed,32
285,far,31
286,ought,31
287,place,31
288,same,31
289,start,31
290,wonderful,31
291,michael,30
292,matter,30
293,close,30
294,couldn,30
295,friend,30
296,shook,30
297,train,30
298,next,30
299,boy,30
300,stay,30
301,sort,29
302,kept,29
303,taxi,29
304,found,29
305,lovely,29
306,everything,29
307,fighter,29
308,mind,29
309,high,28
310,open,28
311,four,28
312,hard,28
313,many,28
314,opened,28
315,try,28
316,cold,28
317,sit,28
318,full,28
319,bottles,28
320,paid,28
321,frances,28
322,dear,28
323,tables,27
324,funny,27
325,sun,27
326,wasn,27
327,such,27
328,bridge,27
329,myself,27
330,every,27
331,getting,27
332,bring,27
333,dancing,27
334,own,27
335,woman,27
336,leaned,26
337,being,26
338,horse,26
339,half,26
340,darling,26
341,sword,26
342,o,26
343,beside,26
344,spanish,26
345,bags,26
346,himself,26
347,years,26
348,feeling,26
349,mean,26
350,haven,26
351,until,26
352,braddocks,25
353,than,25
354,does,25
355,river,25
356,end,25
357,everybody,25
358,those,25
359,finally,25
360,hello,25
361,line,25
362,edna,25
363,walk,25
364,pamplona,24
365,streets,24
366,stream,24
367,suppose,24
368,course,24
369,book,24
370,driver,24
371,work,24
372,bag,24
373,beer,24
374,wall,24
375,keep,24
376,marry,24
377,chap,24
378,handed,24
379,life,24
380,between,24
381,barnes,23
382,georgette,23
383,dinner,23
384,send,23
385,ask,23
386,below,23
387,once,23
388,anyway,23
389,office,23
390,running,23
391,damn,23
392,rotten,23
393,pedro,23
394,green,23
395,music,22
396,cape,22
397,name,22
398,de,22
399,lay,22
400,days,22
401,wish,22
402,drank,22
403,waved,22
404,gate,22
405,hundred,22
406,five,22
407,might,22
408,enough,22
409,clock,22
410,both,22
411,several,22
412,dance,22
413,happy,22
414,laughed,22
415,pretty,22
416,shut,22
417,yet,21
418,these,21
419,mountains,21
420,window,21
421,crossed,21
422,red,21
423,watching,21
424,liked,21
425,probably,21
426,dead,21
427,aren,21
428,fighting,21
429,anybody,21
430,stone,21
431,harvey,21
432,forward,21
433,houses,20
434,has,20
435,chaps,20
436,quiet,20
437,hear,20
438,meal,20
439,hit,20
440,wind,20
441,leave,20
442,happened,20
443,floor,20
444,dining,20
445,medals,20
446,believe,20
447,walking,19
448,else,19
449,find,19
450,trout,19
451,please,19
452,pay,19
453,fighters,19
454,drinking,19
455,second,19
456,set,19
457,crowded,19
458,talked,19
459,french,19
460,watch,19
461,knocked,19
462,biarritz,19
463,badly,19
464,early,19
465,boulevard,19
466,past,19
467,stand,19
468,spain,19
469,morrow,18
470,arm,18
471,pleasant,18
472,horns,18
473,hills,18
474,hat,18
475,even,18
476,mr,18
477,sir,18
478,bought,18
479,wife,18
480,am,18
481,arms,18
482,held,18
483,fishing,18
484,having,18
485,show,17
486,idea,17
487,children,17
488,nigger,17
489,stop,17
490,leather,17
491,alone,17
492,perhaps,17
493,listen,17
494,fun,17
495,above,17
496,smooth,17
497,america,17
498,fool,17
499,edge,17
500,live,17
501,wrote,16
502,fence,16
503,ashley,16
504,climbed,16
505,feet,16
506,poured,16
507,home,16
508,concierge,16
509,young,16
510,few,16
511,onto,16
512,top,16
513,except,16
514,steer,16
515,sick,16
516,maybe,16
517,fields,16
518,trying,16
519,sorry,16
520,women,16
521,straight,16
522,paper,16
523,mrs,16
524,empty,16
525,bloody,15
526,grand,15
527,madrid,15
528,hurt,15
529,bright,15
530,flat,15
531,help,15
532,danced,15
533,shouted,15
534,later,15
535,waiting,15
536,france,15
537,burguete,15
538,dancers,15
539,makes,15
540,york,15
541,south,15
542,met,15
543,afterward,15
544,world,15
545,without,15
546,arcade,15
547,awfully,15
548,six,14
549,rod,14
550,twenty,14
551,weren,14
552,letters,14
553,critic,14
554,pesetas,14
555,pulled,14
556,sore,14
557,ten,14
558,swell,14
559,drove,14
560,case,14
561,restaurant,14
562,shoulder,14
563,wants,14
564,inn,14
565,meet,14
566,turn,14
567,fellow,14
568,hill,14
569,business,14
570,cool,14
571,cut,14
572,late,14
573,station,14
574,hair,14
575,plenty,13
576,beyond,13
577,vienna,13
578,black,13
579,afternoon,13
580,difference,13
581,holding,13
582,brother,13
583,write,13
584,ate,13
585,marcial,13
586,heavy,13
587,war,13
588,certain,13
589,walls,13
590,american,13
591,low,13
592,poor,13
593,done,13
594,bayonne,13
595,looks,13
596,somebody,13
597,shoulders,13
598,bored,13
599,part,13
600,making,13
601,papers,13
602,sometimes,13
603,carrying,13
604,buy,13
605,during,13
606,president,13
607,awful,13
608,crying,13
609,steers,13
610,heads,13
611,mother,13
612,killed,13
613,clothes,13
614,ran,13
615,hung,13
616,ass,13
617,tried,13
618,led,13
619,pity,13
620,pass,12
621,asleep,12
622,corral,12
623,couple,12
624,letter,12
625,hour,12
626,woke,12
627,since,12
628,thinking,12
629,times,12
630,horn,12
631,rot,12
632,woods,12
633,tipped,12
634,call,12
635,barrera,12
636,smoothly,12
637,most,12
638,minutes,12
639,gotten,12
640,carried,12
641,sent,12
642,guess,12
643,bicycle,12
644,francs,12
645,charged,12
646,cigarette,12
647,wore,12
648,row,12
649,reading,12
650,best,12
651,chairs,12
652,bath,12
653,beautiful,12
654,small,12
655,clear,12
656,rue,12
657,year,12
658,seven,12
659,splendid,12
660,playing,12
661,evening,12
662,plain,12
663,changed,12
664,iruña,12
665,others,12
666,yellow,12
667,basque,12
668,nodded,12
669,touched,11
670,singing,11
671,dam,11
672,nobody,11
673,fish,11
674,used,11
675,wet,11
676,meant,11
677,chauffeur,11
678,closed,11
679,smile,11
680,sand,11
681,brown,11
682,legs,11
683,piece,11
684,became,11
685,joke,11
686,motor,11
687,neck,11
688,spread,11
689,gets,11
690,select,11
691,putting,11
692,true,11
693,married,11
694,pocket,11
695,beach,11
696,boys,11
697,absolutely,11
698,loved,11
699,shirt,11
700,wait,11
701,kid,11
702,sea,11
703,soon,11
704,box,11
705,whole,11
706,working,11
707,thirty,11
708,trip,11
709,mouth,11
710,comes,10
711,cigar,10
712,body,10
713,care,10
714,corrals,10
715,taken,10
716,sides,10
717,wiped,10
718,leaning,10
719,dressed,10
720,certainly,10
721,fast,10
722,mine,10
723,balcony,10
724,smiling,10
725,trouble,10
726,ground,10
727,wonder,10
728,grass,10
729,filled,10
730,wooden,10
731,nose,10
732,play,10
733,church,10
734,finished,10
735,afraid,10
736,service,10
737,race,10
738,fell,10
739,worked,10
740,absinthe,10
741,windows,10
742,thanks,10
743,fifty,10
744,lights,10
745,shops,10
746,packed,10
747,lifted,10
748,cab,10
749,telegram,10
750,montana,10
751,dust,10
752,eating,10
753,swam,10
754,nor,10
755,stuffed,10
756,shop,10
757,kissed,10
758,hope,10
759,slowly,10
760,irony,10
761,brandy,10
762,plateau,10
763,tickets,10
764,followed,10
765,week,9
766,climbing,9
767,noise,9
768,kill,9
769,warm,9
770,lost,9
771,ready,9
772,anywhere,9
773,rolled,9
774,raft,9
775,seem,9
776,dry,9
777,corner,9
778,gray,9
779,cars,9
780,nervous,9
781,drive,9
782,almost,9
783,simply,9
784,knows,9
785,grain,9
786,blind,9
787,stayed,9
788,address,9
789,raised,9
790,knock,9
791,offered,9
792,real,9
793,values,9
794,thank,9
795,rain,9
796,handler,9
797,charge,9
798,strange,9
799,showed,9
800,goes,9
801,champagne,9
802,suddenly,9
803,ago,9
804,understand,9
805,campbell,9
806,fights,9
807,club,9
808,horses,9
809,chance,9
810,word,9
811,ones,9
812,bet,9
813,moved,9
814,saying,9
815,bankrupt,9
816,shade,9
817,seat,9
818,angry,9
819,saint,8
820,kitchen,8
821,soda,8
822,krum,8
823,england,8
824,princeton,8
825,roof,8
826,tennis,8
827,point,8
828,use,8
829,cross,8
830,slow,8
831,foot,8
832,follow,8
833,sleeping,8
834,hasn,8
835,forgive,8
836,known,8
837,skin,8
838,waiters,8
839,wood,8
840,land,8
841,blew,8
842,date,8
843,dropped,8
844,wicker,8
845,pull,8
846,minute,8
847,embarrassed,8
848,noon,8
849,sake,8
850,swinging,8
851,whether,8
852,americans,8
853,rocket,8
854,learned,8
855,daunted,8
856,happen,8
857,writer,8
858,centre,8
859,enjoy,8
860,city,8
861,says,8
862,yourself,8
863,commenced,8
864,short,8
865,procession,8
866,cathedral,8
867,lying,8
868,smoke,8
869,which,8
870,riau,8
871,deep,8
872,silly,8
873,fresh,8
874,muleta,8
875,breakfast,8
876,finish,8
877,stuff,8
878,among,8
879,utilize,8
880,steep,8
881,behave,8
882,crossing,8
883,tall,8
884,pub,8
885,quarter,8
886,taking,8
887,picked,8
888,newspaper,8
889,dozen,7
890,glad,7
891,girls,7
892,sight,7
893,secret,7
894,forest,7
895,rich,7
896,drums,7
897,bathing,7
898,clean,7
899,park,7
900,cafés,7
901,caught,7
902,worms,7
903,basques,7
904,kicked,7
905,waited,7
906,sleepy,7
907,its,7
908,purple,7
909,either,7
910,house,7
911,worry,7
912,fermin,7
913,slept,7
914,named,7
915,already,7
916,boxing,7
917,worth,7
918,lines,7
919,washed,7
920,garlics,7
921,eyed,7
922,heat,7
923,zizi,7
924,frightfully,7
925,tackle,7
926,title,7
927,eye,7
928,hold,7
929,forty,7
930,dull,7
931,ride,7
932,mules,7
933,hadn,7
934,forget,7
935,ashamed,7
936,shove,7
937,smoking,7
938,tree,7
939,bank,7
940,reached,7
941,carefully,7
942,sudden,7
943,rest,7
944,laughing,7
945,doing,7
946,gorton,7
947,barman,7
948,lie,7
949,aficion,7
950,directly,7
951,message,7
952,shaking,7
953,lips,7
954,rising,7
955,questions,7
956,lift,7
957,pipe,7
958,school,7
959,planks,7
960,listened,7
961,perfectly,7
962,chair,7
963,suit,7
964,boiled,7
965,coat,7
966,fundador,7
967,thousand,7
968,lived,7
969,pointed,7
970,ear,7
971,telling,7
972,living,7
973,air,7
974,ticket,7
975,color,7
976,ordered,7
977,healthy,7
978,shouldn,7
979,iron,7
980,story,7
981,damp,7
982,narrow,7
983,religious,7
984,gentlemen,7
985,traffic,6
986,jaw,6
987,eggs,6
988,pulling,6
989,explained,6
990,manuel,6
991,island,6
992,sunlight,6
993,desk,6
994,matadors,6
995,cage,6
996,coast,6
997,budapest,6
998,daughter,6
999,jewish,6
1000,pernod,6
1001,hate,6
1002,themselves,6
1003,breeding,6
1004,chest,6
1005,mencken,6
1006,herd,6
1007,stepped,6
1008,pleased,6
1009,jews,6
1010,lit,6
1011,sky,6
1012,henry,6
1013,near,6
1014,cattle,6
1015,bare,6
1016,sound,6
1017,cloth,6
1018,du,6
1019,local,6
1020,amusing,6
1021,magazine,6
1022,summer,6
1023,comfortably,6
1024,winter,6
1025,terribly,6
1026,riders,6
1027,able,6
1028,hardly,6
1029,hors,6
1030,aficionado,6
1031,wished,6
1032,valley,6
1033,dirty,6
1034,covered,6
1035,supposed,6
1036,crillon,6
1037,irati,6
1038,electric,6
1039,seats,6
1040,rooms,6
1041,pleasure,6
1042,introduced,6
1043,wire,6
1044,seems,6
1045,means,6
1046,flowers,6
1047,different,6
1048,shot,6
1049,avenue,6
1050,rolling,6
1051,blue,6
1052,drinks,6
1053,broke,6
1054,thick,6
1055,leaves,6
1056,buses,6
1057,mail,6
1058,jam,6
1059,places,6
1060,drummer,6
1061,swim,6
1062,leaving,6
1063,spring,6
1064,luck,6
1065,easy,6
1066,simple,6
1067,roofs,6
1068,run,6
1069,sign,6
1070,tired,6
1071,party,6
1072,somewhere,6
1073,person,6
1074,shout,6
1075,supper,6
1076,blame,6
1077,clouds,6
1078,began,6
1079,crazy,6
1080,shoes,6
1081,rose,6
1082,played,6
1083,interesting,6
1084,fault,6
1085,neither,6
1086,till,6
1087,card,6
1088,montparnasse,6
1089,nine,6
1090,writing,6
1091,answered,6
1092,states,6
1093,patches,6
1094,st,6
1095,eight,6
1096,des,6
1097,order,6
1098,madame,6
1099,perfect,6
1100,need,6
1101,given,5
1102,jean,5
1103,dined,5
1104,earth,5
1105,curb,5
1106,tapped,5
1107,military,5
1108,large,5
1109,rise,5
1110,hours,5
1111,likes,5
1112,father,5
1113,animals,5
1114,comfortable,5
1115,chin,5
1116,although,5
1117,spectacles,5
1118,capes,5
1119,englishman,5
1120,number,5
1121,fair,5
1122,mademoiselle,5
1123,praying,5
1124,upper,5
1125,egg,5
1126,barber,5
1127,store,5
1128,bowl,5
1129,shaving,5
1130,insisted,5
1131,taxis,5
1132,rode,5
1133,prayed,5
1134,bowed,5
1135,grinned,5
1136,impressed,5
1137,seeing,5
1138,family,5
1139,instead,5
1140,shadow,5
1141,ferns,5
1142,solid,5
1143,arranged,5
1144,police,5
1145,stretched,5
1146,touch,5
1147,form,5
1148,festa,5
1149,roll,5
1150,pays,5
1151,baked,5
1152,counter,5
1153,chicken,5
1154,fat,5
1155,trains,5
1156,tied,5
1157,picador,5
1158,finger,5
1159,hoped,5
1160,tip,5
1161,kind,5
1162,jug,5
1163,post,5
1164,gentleman,5
1165,food,5
1166,pounds,5
1167,chapel,5
1168,dangerous,5
1169,wearing,5
1170,death,5
1171,gloomy,5
1172,speech,5
1173,flannel,5
1174,disgusted,5
1175,scenes,5
1176,stories,5
1177,express,5
1178,swung,5
1179,quality,5
1180,sud,5
1181,folded,5
1182,safe,5
1183,manners,5
1184,terrible,5
1185,reason,5
1186,rotonde,5
1187,insult,5
1188,patronne,5
1189,shoe,5
1190,rubbed,5
1191,promised,5
1192,la,5
1193,boxes,5
1194,ice,5
1195,twisted,5
1196,riding,5
1197,saved,5
1198,tailor,5
1199,fireworks,5
1200,bryan,5
1201,fall,5
1202,lilas,5
1203,none,5
1204,spent,5
1205,catch,5
1206,voice,5
1207,settled,5
1208,cared,5
1209,shoved,5
1210,doors,5
1211,public,5
1212,rang,5
1213,l,5
1214,sandwiches,5
1215,also,5
1216,baggage,5
1217,tafalla,5
1218,swine,5
1219,apiece,5
1220,literary,5
1221,hubert,5
1222,often,5
1223,peasants,5
1224,swimming,5
1225,terrain,5
1226,terrace,5
1227,asking,5
1228,football,5
1229,pressed,5
1230,catholic,5
1231,cannes,5
1232,strasbourg,5
1233,undressed,5
1234,round,5
1235,œuvres,5
1236,raspail,5
1237,german,5
1238,novel,5
1239,apron,5
1240,serious,5
1241,monsieur,5
1242,class,5
1243,note,5
1244,hall,5
1245,toast,5
1246,laid,5
1247,spider,5
1248,starting,5
1249,remembered,5
1250,chicago,5
1251,mass,5
1252,exactly,5
1253,unless,5
1254,tide,5
1255,falls,5
1256,shake,5
1257,wooded,5
1258,lose,5
1259,extraordinary,5
1260,del,5
1261,following,5
1262,jew,5
1263,season,5
1264,fly,5
1265,blowing,5
1266,change,5
1267,spoke,5
1268,bitter,5
1269,corners,5
1270,laugh,5
1271,path,5
1272,breeze,5
1273,plaza,5
1274,divorce,5
1275,sallow,5
1276,shall,4
1277,moon,4
1278,racing,4
1279,written,4
1280,sadist,4
1281,sport,4
1282,pack,4
1283,lavigne,4
1284,cup,4
1285,hey,4
1286,cages,4
1287,broken,4
1288,mad,4
1289,game,4
1290,dress,4
1291,helped,4
1292,add,4
1293,kids,4
1294,sandy,4
1295,bell,4
1296,bathe,4
1297,interest,4
1298,weeks,4
1299,beds,4
1300,hanging,4
1301,action,4
1302,apart,4
1303,guy,4
1304,band,4
1305,headache,4
1306,soldier,4
1307,deserted,4
1308,price,4
1309,expatriate,4
1310,cracked,4
1311,shy,4
1312,expected,4
1313,imitation,4
1314,log,4
1315,fixed,4
1316,pray,4
1317,secretary,4
1318,dice,4
1319,roncesvalles,4
1320,bother,4
1321,pieces,4
1322,suizo,4
1323,cork,4
1324,painter,4
1325,son,4
1326,type,4
1327,wagon,4
1328,firm,4
1329,books,4
1330,lousy,4
1331,muy,4
1332,sharply,4
1333,monday,4
1334,june,4
1335,mountain,4
1336,balls,4
1337,montmartre,4
1338,muletas,4
1339,franc,4
1340,notice,4
1341,theatre,4
1342,pushed,4
1343,port,4
1344,arriving,4
1345,whiskey,4
1346,europe,4
1347,courses,4
1348,lap,4
1349,marinas,4
1350,superior,4
1351,difficult,4
1352,shame,4
1353,fortifications,4
1354,slapped,4
1355,globos,4
1356,opening,4
1357,sidewalk,4
1358,fact,4
1359,rum,4
1360,statue,4
1361,shave,4
1362,pavement,4
1363,picadors,4
1364,bananas,4
1365,burst,4
1366,buying,4
1367,sunday,4
1368,suitcase,4
1369,gathered,4
1370,locked,4
1371,cat,4
1372,maid,4
1373,ironical,4
1374,stands,4
1375,rid,4
1376,lecomte,4
1377,realize,4
1378,milano,4
1379,pic,4
1380,enjoying,4
1381,italian,4
1382,bung,4
1383,cognac,4
1384,spend,4
1385,25th,4
1386,quietly,4
1387,polite,4
1388,field,4
1389,moving,4
1390,bread,4
1391,market,4
1392,arc,4
1393,weight,4
1394,travel,4
1395,success,4
1396,eleven,4
1397,photographs,4
1398,roses,4
1399,harbor,4
1400,drumstick,4
1401,deal,4
1402,bitch,4
1403,dream,4
1404,grew,4
1405,nearly,4
1406,callejon,4
1407,eaten,4
1408,somehow,4
1409,wednesday,4
1410,saloon,4
1411,decided,4
1412,pain,4
1413,bit,4
1414,sounds,4
1415,rods,4
1416,hooked,4
1417,dog,4
1418,straightened,4
1419,pyrenees,4
1420,hobin,4
1421,kelly,4
1422,ladder,4
1423,corridor,4
1424,owe,4
1425,blade,4
1426,worried,4
1427,shiny,4
1428,yesterday,4
1429,pipes,4
1430,cigars,4
1431,careful,4
1432,fond,4
1433,anis,4
1434,beginning,4
1435,everywhere,4
1436,company,4
1437,flattened,4
1438,nasty,4
1439,tanned,4
1440,wound,4
1441,lives,4
1442,gas,4
1443,nineteen,4
1444,booths,4
1445,bye,4
1446,lead,4
1447,loaded,4
1448,basket,4
1449,needed,4
1450,flies,4
1451,pick,4
1452,backed,4
1453,discovered,4
1454,join,4
1455,envelope,4
1456,chain,4
1457,gold,4
1458,bal,4
1459,mistake,4
1460,cabs,4
1461,lighted,4
1462,drunken,4
1463,illuminados,4
1464,noisy,4
1465,speak,4
1466,raining,4
1467,goner,4
1468,rockets,4
1469,unloaded,4
1470,awake,4
1471,danger,4
1472,owner,4
1473,amount,4
1474,dollars,4
1475,yours,4
1476,kansas,4
1477,agreed,4
1478,greatness,4
1479,anxious,4
1480,string,4
1481,tracks,4
1482,dove,4
1483,dogs,4
1484,fifteen,4
1485,lots,4
1486,woolsey,4
1487,mix,4
1488,leblanc,4
1489,spoil,4
1490,wreath,4
1491,wrong,4
1492,porter,4
1493,weather,4
1494,bathroom,4
1495,visit,4
1496,nights,4
1497,clearly,4
1498,quai,4
1499,shock,3
1500,fit,3
1501,subject,3
1502,born,3
1503,anyhow,3
1504,emotion,3
1505,orsay,3
1506,child,3
1507,beech,3
1508,wake,3
1509,months,3
1510,dig,3
1511,steel,3
1512,liable,3
1513,elevator,3
1514,altogether,3
1515,señor,3
1516,knife,3
1517,claimed,3
1518,jumping,3
1519,balloons,3
1520,alta,3
1521,wavy,3
1522,tray,3
1523,crest,3
1524,shivered,3
1525,concha,3
1526,king,3
1527,building,3
1528,knelt,3
1529,timbers,3
1530,polo,3
1531,facing,3
1532,bootblacks,3
1533,forehead,3
1534,bells,3
1535,topped,3
1536,throw,3
1537,wilson,3
1538,waving,3
1539,sentimental,3
1540,bars,3
1541,charming,3
1542,besides,3
1543,village,3
1544,greatest,3
1545,ladies,3
1546,families,3
1547,mippipopolous,3
1548,lo,3
1549,gang,3
1550,michel,3
1551,champion,3
1552,giving,3
1553,tour,3
1554,forgot,3
1555,shutters,3
1556,stretch,3
1557,wide,3
1558,kings,3
1559,wheeling,3
1560,handlers,3
1561,villages,3
1562,ridiculous,3
1563,ledoux,3
1564,words,3
1565,ford,3
1566,stronger,3
1567,boxer,3
1568,drew,3
1569,bait,3
1570,wrapped,3
1571,paseo,3
1572,pots,3
1573,regular,3
1574,credit,3
1575,including,3
1576,may,3
1577,aficionados,3
1578,material,3
1579,court,3
1580,happens,3
1581,grow,3
1582,orquito,3
1583,creditors,3
1584,manner,3
1585,sipped,3
1586,carts,3
1587,odd,3
1588,pointing,3
1589,lad,3
1590,sad,3
1591,free,3
1592,knees,3
1593,wolf,3
1594,carabineer,3
1595,dreadful,3
1596,napolitain,3
1597,rucksack,3
1598,general,3
1599,remarkable,3
1600,foreigners,3
1601,stupid,3
1602,stomach,3
1603,hendaye,3
1604,rough,3
1605,replaced,3
1606,statement,3
1607,balance,3
1608,sweeping,3
1609,shape,3
1610,offering,3
1611,hunted,3
1612,noticed,3
1613,fill,3
1614,grazing,3
1615,cheek,3
1616,torn,3
1617,villalta,3
1618,middleweight,3
1619,posada,3
1620,fairly,3
1621,higher,3
1622,monastery,3
1623,bucket,3
1624,marble,3
1625,careless,3
1626,hel,3
1627,oil,3
1628,fingers,3
1629,cabin,3
1630,save,3
1631,handling,3
1632,rioja,3
1633,move,3
1634,chestnut,3
1635,col,3
1636,bois,3
1637,buck,3
1638,oughtn,3
1639,marc,3
1640,claims,3
1641,travelling,3
1642,salt,3
1643,mustn,3
1644,balconies,3
1645,seeming,3
1646,beaded,3
1647,seine,3
1648,fork,3
1649,thrown,3
1650,news,3
1651,foreigner,3
1652,remark,3
1653,muscle,3
1654,caffeine,3
1655,clyne,3
1656,handled,3
1657,step,3
1658,twelve,3
1659,giants,3
1660,fella,3
1661,necessary,3
1662,races,3
1663,bum,3
1664,disappeared,3
1665,ridge,3
1666,cheerful,3
1667,shrimps,3
1668,cleaned,3
1669,sold,3
1670,notre,3
1671,forwarded,3
1672,galloping,3
1673,basis,3
1674,arcades,3
1675,bands,3
1676,folds,3
1677,skins,3
1678,seriously,3
1679,streams,3
1680,thumb,3
1681,pen,3
1682,fiancée,3
1683,sighted,3
1684,greek,3
1685,formal,3
1686,sensation,3
1687,pivoted,3
1688,swept,3
1689,handkerchief,3
1690,accordion,3
1691,moment,3
1692,complicated,3
1693,sporting,3
1694,closerie,3
1695,fallen,3
1696,ritz,3
1697,rocky,3
1698,bringing,3
1699,fifes,3
1700,corrida,3
1701,frightful,3
1702,george,3
1703,advance,3
1704,ambassador,3
1705,policeman,3
1706,conductor,3
1707,become,3
1708,sprinkled,3
1709,double,3
1710,jumped,3
1711,mono,3
1712,clearing,3
1713,cliff,3
1714,zinc,3
1715,cards,3
1716,california,3
1717,false,3
1718,london,3
1719,drawn,3
1720,pool,3
1721,scotland,3
1722,language,3
1723,cock,3
1724,understood,3
1725,toes,3
1726,reels,3
1727,stared,3
1728,concrete,3
1729,joined,3
1730,passes,3
1731,blow,3
1732,amazing,3
1733,dried,3
1734,blood,3
1735,joking,3
1736,whom,3
1737,martinis,3
1738,mirror,3
1739,hillsides,3
1740,breath,3
1741,stiff,3
1742,closely,3
1743,value,3
1744,fire,3
1745,,3
1746,avoid,3
1747,sol,3
1748,coffin,3
1749,pelota,3
1750,touching,3
1751,pile,3
1752,north,3
1753,warming,3
1754,pilgrims,3
1755,contrescarpe,3
1756,gravel,3
1757,jacob,3
1758,doorway,3
1759,proprietor,3
1760,sideways,3
1761,win,3
1762,bartender,3
1763,dame,3
1764,arriba,3
1765,gardens,3
1766,interrupted,3
1767,nervy,3
1768,older,3
1769,dingo,3
1770,pedal,3
1771,wrinkled,3
1772,climb,3
1773,buttered,3
1774,important,3
1775,sticks,3
1776,tle,3
1777,view,3
1778,realized,3
1779,duke,3
1780,cogido,3
1781,worn,3
1782,nets,3
1783,drunks,3
1784,wade,3
1785,sober,3
1786,eh,3
1787,horizon,3
1788,promenade,3
1789,cables,3
1790,jolly,3
1791,retirement,3
1792,churches,3
1793,missed,3
1794,workmen,3
1795,trams,3
1796,friendly,3
1797,servants,3
1798,strong,3
1799,winked,3
1800,board,3
1801,discredit,3
1802,landing,3
1803,algabeno,3
1804,tricycle,3
1805,mothers,3
1806,shower,3
1807,driving,3
1808,brightly,3
1809,shone,3
1810,hang,3
1811,toro,3
1812,em,3
1813,insulting,3
1814,dessert,3
1815,sportif,3
1816,circle,3
1817,absorbed,3
1818,length,3
1819,marked,3
1820,vegetables,3
1821,filling,3
1822,eskimo,3
1823,return,3
1824,devil,3
1825,jerk,3
1826,knowing,3
1827,hollow,3
1828,formed,3
1829,nerves,3
1830,dome,3
1831,civil,3
1832,wondered,3
1833,fiestas,3
1834,movement,3
1835,busy,3
1836,banner,3
1837,bunch,3
1838,guard,3
1839,enormous,3
1840,punch,3
1841,stick,3
1842,frightened,3
1843,shaved,3
1844,pressing,3
1845,appeared,3
1846,usually,3
1847,sharp,3
1848,smoked,3
1849,shirts,3
1850,beat,3
1851,trotted,3
1852,fifth,3
1853,gives,3
1854,answer,3
1855,roller,3
1856,liqueur,3
1857,ing,3
1858,reserved,3
1859,literature,3
1860,group,3
1861,martini,3
1862,boils,3
1863,worm,3
1864,twice,3
1865,moron,3
1866,quaint,3
1867,spectacle,3
1868,centimes,3
1869,blond,3
1870,framed,3
1871,banged,3
1872,expensive,3
1873,chic,3
1874,grassy,3
1875,translated,3
1876,rapidly,3
1877,encierro,3
1878,earlier,3
1879,lett,3
1880,enter,3
1881,detach,3
1882,feels,2
1883,wrist,2
1884,habit,2
1885,towel,2
1886,eager,2
1887,interested,2
1888,smelled,2
1889,described,2
1890,extraordinarily,2
1891,hated,2
1892,lightly,2
1893,glacier,2
1894,tough,2
1895,loud,2
1896,casks,2
1897,thousands,2
1898,manning,2
1899,support,2
1900,foreign,2
1901,drop,2
1902,ill,2
1903,izzarra,2
1904,mention,2
1905,grabbed,2
1906,treated,2
1907,snotty,2
1908,bathrobe,2
1909,bishop,2
1910,moments,2
1911,imagine,2
1912,unpleasant,2
1913,puffed,2
1914,une,2
1915,castle,2
1916,wines,2
1917,dragged,2
1918,sweaty,2
1919,muddy,2
1920,authority,2
1921,died,2
1922,team,2
1923,piano,2
1924,rained,2
1925,bridges,2
1926,stirred,2
1927,ladyship,2
1928,skirt,2
1929,lifting,2
1930,calm,2
1931,month,2
1932,thinks,2
1933,lazy,2
1934,cover,2
1935,gare,2
1936,discounted,2
1937,sink,2
1938,expression,2
1939,sail,2
1940,innkeeper,2
1941,casino,2
1942,games,2
1943,quelqu,2
1944,ugly,2
1945,collar,2
1946,turgenieff,2
1947,branches,2
1948,hose,2
1949,grapes,2
1950,striding,2
1951,rope,2
1952,connections,2
1953,taxidermist,2
1954,washing,2
1955,tub,2
1956,oldest,2
1957,hike,2
1958,seated,2
1959,classes,2
1960,pitcher,2
1961,sunny,2
1962,opéra,2
1963,stopping,2
1964,dish,2
1965,fifers,2
1966,boiling,2
1967,conversation,2
1968,wounds,2
1969,pine,2
1970,crouched,2
1971,spreading,2
1972,jawed,2
1973,steadily,2
1974,experts,2
1975,prices,2
1976,checks,2
1977,baskets,2
1978,destroyed,2
1979,cupboard,2
1980,très,2
1981,herald,2
1982,pigeons,2
1983,smell,2
1984,buildings,2
1985,sullen,2
1986,pounding,2
1987,female,2
1988,steeply,2
1989,benches,2
1990,slippers,2
1991,hired,2
1992,sleeves,2
1993,definite,2
1994,bitches,2
1995,gesturing,2
1996,bent,2
1997,excited,2
1998,dope,2
1999,barreras,2
2000,gored,2
2001,superiority,2
2002,wires,2
2003,squared,2
2004,staring,2
2005,clocks,2
2006,costumes,2
2007,diner,2
2008,emotional,2
2009,hullo,2
2010,insulted,2
2011,goats,2
2012,paying,2
2013,bench,2
2014,cushions,2
2015,dwarfs,2
2016,lincoln,2
2017,fix,2
2018,pot,2
2019,tricks,2
2020,rollers,2
2021,impotent,2
2022,coolly,2
2023,accent,2
2024,muerto,2
2025,newspapers,2
2026,aguardiente,2
2027,mumms,2
2028,flowing,2
2029,policemen,2
2030,hurried,2
2031,bilge,2
2032,shaft,2
2033,backing,2
2034,cheap,2
2035,triangular,2
2036,pushing,2
2037,breeder,2
2038,grave,2
2039,cries,2
2040,signal,2
2041,studying,2
2042,spaniards,2
2043,profiled,2
2044,teeth,2
2045,expressions,2
2046,counsel,2
2047,dirt,2
2048,plates,2
2049,straw,2
2050,haff,2
2051,barrels,2
2052,mistress,2
2053,cloudy,2
2054,rejoice,2
2055,discolored,2
2056,60,2
2057,roads,2
2058,settle,2
2059,july,2
2060,stools,2
2061,exchange,2
2062,calling,2
2063,miuras,2
2064,appearance,2
2065,direct,2
2066,arena,2
2067,gates,2
2068,brothel,2
2069,sommelier,2
2070,frankie,2
2071,sounded,2
2072,served,2
2073,allowance,2
2074,siphon,2
2075,names,2
2076,bay,2
2077,wounded,2
2078,report,2
2079,evidently,2
2080,fortunate,2
2081,plate,2
2082,runners,2
2083,trade,2
2084,happening,2
2085,anti,2
2086,saddle,2
2087,announced,2
2088,jack,2
2089,size,2
2090,sooner,2
2091,waked,2
2092,review,2
2093,disorder,2
2094,mopped,2
2095,ashore,2
2096,sweat,2
2097,hilt,2
2098,dusty,2
2099,sportsman,2
2100,voiced,2
2101,beard,2
2102,behaved,2
2103,kiosque,2
2104,cherokee,2
2105,hauling,2
2106,fortuna,2
2107,romantic,2
2108,hurry,2
2109,arrested,2
2110,whips,2
2111,system,2
2112,litres,2
2113,loopholes,2
2114,passports,2
2115,dug,2
2116,intensity,2
2117,palace,2
2118,muscles,2
2119,experience,2
2120,hospital,2
2121,hump,2
2122,tourist,2
2123,pitiful,2
2124,nozzle,2
2125,wondering,2
2126,dripping,2
2127,surrounded,2
2128,lowered,2
2129,least,2
2130,fake,2
2131,politely,2
2132,drawer,2
2133,friendship,2
2134,longer,2
2135,stage,2
2136,salad,2
2137,wonderfully,2
2138,layer,2
2139,carabineers,2
2140,cares,2
2141,softly,2
2142,mud,2
2143,wild,2
2144,parc,2
2145,permanently,2
2146,tuileries,2
2147,mala,2
2148,wiping,2
2149,pillars,2
2150,intricate,2
2151,colonel,2
2152,b,2
2153,jo,2
2154,filing,2
2155,contemptuous,2
2156,naturally,2
2157,competition,2
2158,stiffen,2
2159,noble,2
2160,torero,2
2161,handkerchiefs,2
2162,rail,2
2163,rocked,2
2164,hungry,2
2165,announcement,2
2166,dive,2
2167,rate,2
2168,swollen,2
2169,cheer,2
2170,painted,2
2171,pictures,2
2172,net,2
2173,acted,2
2174,tabul,2
2175,madeleine,2
2176,personal,2
2177,stroked,2
2178,evenings,2
2179,nurses,2
2180,vinegar,2
2181,figure,2
2182,proud,2
2183,works,2
2184,ma,2
2185,cheeks,2
2186,miserable,2
2187,pantheon,2
2188,draw,2
2189,fruit,2
2190,queen,2
2191,cases,2
2192,trough,2
2193,editor,2
2194,special,2
2195,wanting,2
2196,che,2
2197,miniature,2
2198,humidity,2
2199,lourdes,2
2200,shouting,2
2201,added,2
2202,cask,2
2203,clay,2
2204,flight,2
2205,self,2
2206,awkwardly,2
2207,dancer,2
2208,thoroughly,2
2209,changing,2
2210,learn,2
2211,extended,2
2212,league,2
2213,dim,2
2214,onlookers,2
2215,signs,2
2216,ponte,2
2217,sod,2
2218,fished,2
2219,tossed,2
2220,fort,2
2221,third,2
2222,marched,2
2223,passageway,2
2224,timber,2
2225,carriage,2
2226,folding,2
2227,inner,2
2228,stolen,2
2229,brush,2
2230,mess,2
2231,shining,2
2232,shuttered,2
2233,blank,2
2234,hats,2
2235,pie,2
2236,hardened,2
2237,smocks,2
2238,becoming,2
2239,drops,2
2240,soup,2
2241,pimp,2
2242,stuck,2
2243,antiquities,2
2244,copy,2
2245,describe,2
2246,steady,2
2247,tops,2
2248,sunburned,2
2249,itself,2
2250,interpret,2
2251,speaking,2
2252,interrupt,2
2253,coasted,2
2254,oak,2
2255,klaxon,2
2256,plains,2
2257,pants,2
2258,hillside,2
2259,mattock,2
2260,armoire,2
2261,summit,2
2262,figured,2
2263,future,2
2264,backs,2
2265,wayne,2
2266,suggested,2
2267,firmly,2
2268,excitement,2
2269,banners,2
2270,spoken,2
2271,bedroom,2
2272,beers,2
2273,establishment,2
2274,actual,2
2275,hah,2
2276,purity,2
2277,funeral,2
2278,prize,2
2279,attitude,2
2280,manager,2
2281,loves,2
2282,thanked,2
2283,teaching,2
2284,furled,2
2285,gradually,2
2286,arrobas,2
2287,diligence,2
2288,affairs,2
2289,shrill,2
2290,telegraph,2
2291,sprinkling,2
2292,aloysius,2
2293,montsouris,2
2294,terrasse,2
2295,carmel,2
2296,member,2
2297,steps,2
2298,rubbing,2
2299,differently,2
2300,practical,2
2301,sherry,2
2302,dully,2
2303,tragedy,2
2304,whispered,2
2305,rushed,2
2306,idiot,2
2307,vision,2
2308,snooty,2
2309,furrowed,2
2310,reasonable,2
2311,jokes,2
2312,state,2
2313,awkward,2
2314,calls,2
2315,fitted,2
2316,whose,2
2317,platonic,2
2318,stew,2
2319,boots,2
2320,hitched,2
2321,priest,2
2322,smaller,2
2323,writers,2
2324,offended,2
2325,wench,2
2326,padiglione,2
2327,paused,2
2328,starts,2
2329,holy,2
2330,rigid,2
2331,fought,2
2332,sip,2
2333,tourists,2
2334,impulse,2
2335,meat,2
2336,stool,2
2337,enjoyed,2
2338,levelled,2
2339,act,2
2340,piled,2
2341,speaks,2
2342,range,2
2343,escorial,2
2344,critics,2
2345,members,2
2346,flashes,2
2347,hangers,2
2348,doubt,2
2349,produced,2
2350,incense,2
2351,repeated,2
2352,royal,2
2353,nightmare,2
2354,courts,2
2355,ney,2
2356,beating,2
2357,forced,2
2358,closer,2
2359,compartment,2
2360,brushed,2
2361,shift,2
2362,englishwoman,2
2363,headlands,2
2364,fritsch,2
2365,meadow,2
2366,shoot,2
2367,crack,2
2368,dressing,2
2369,song,2
2370,demanded,2
2371,amphitheatre,2
2372,trembling,2
2373,absolute,2
2374,typewriter,2
2375,printed,2
2376,ayuntamiento,2
2377,slipped,2
2378,cloud,2
2379,louis,2
2380,rinsed,2
2381,publisher,2
2382,railway,2
2383,borracho,2
2384,chambermaid,2
2385,picture,2
2386,wishes,2
2387,further,2
2388,shapes,2
2389,tear,2
2390,natural,2
2391,surely,2
2392,tells,2
2393,loyola,2
2394,passport,2
2395,ash,2
2396,shady,2
2397,dare,2
2398,compete,2
2399,exploded,2
2400,safety,2
2401,reed,2
2402,parties,2
2403,roast,2
2404,whitewashed,2
2405,deeply,2
2406,painful,2
2407,faked,2
2408,applause,2
2409,social,2
2410,fold,2
2411,avoided,2
2412,taste,2
2413,separated,2
2414,poker,2
2415,muzzle,2
2416,baited,2
2417,kneel,2
2418,attention,2
2419,jacket,2
2420,poles,2
2421,worst,2
2422,dignitaries,2
2423,uncorked,2
2424,especially,2
2425,mopping,2
2426,ball,2
2427,smelt,2
2428,copper,2
2429,space,2
2430,decent,2
2431,control,2
2432,bone,2
2433,quickly,2
2434,trained,2
2435,senlis,2
2436,girones,2
2437,flanks,2
2438,lucky,2
2439,writes,2
2440,turns,2
2441,amateurs,2
2442,ours,2
2443,passing,2
2444,panel,2
2445,flares,2
2446,base,2
2447,joked,2
2448,finishing,2
2449,society,2
2450,rebound,2
2451,vicente,2
2452,worse,2
2453,stencilling,2
2454,hum,2
2455,uncomfortable,2
2456,faster,2
2457,honest,2
2458,wear,2
2459,common,2
2460,actually,2
2461,hissed,2
2462,trunks,2
2463,w,2
2464,advice,2
2465,introduce,2
2466,upset,2
2467,stacked,2
2468,boards,2
2469,gained,2
2470,spat,2
2471,botin,2
2472,quick,2
2473,yell,2
2474,lord,2
2475,reach,2
2476,fences,2
2477,saucers,2
2478,pines,2
2479,wheeler,2
2480,beautifully,2
2481,flash,2
2482,luz,2
2483,chablis,2
2484,chased,2
2485,zelli,2
2486,reflects,2
2487,cheered,2
2488,womanly,2
2489,handle,2
2490,ruddy,2
2491,gestured,2
2492,grant,2
2493,runway,2
2494,faggot,2
2495,ranch,2
2496,slung,2
2497,winding,2
2498,completed,2
2499,hurray,2
2500,tasted,2
2501,consequences,2
2502,pop,2
2503,barren,2
2504,val,2
2505,buenos,2
2506,college,2
2507,surf,2
2508,entrance,2
2509,staying,2
2510,customs,2
2511,smock,2
2512,answers,2
2513,saturday,2
2514,serving,2
2515,thread,2
2516,translation,2
2517,ducked,2
2518,sombra,2
2519,negre,2
2520,flags,2
2521,final,2
2522,attractive,2
2523,shaky,2
2524,necks,2
2525,carlo,2
2526,licorice,2
2527,cried,2
2528,calmly,2
2529,underneath,2
2530,ache,2
2531,archives,2
2532,slowed,2
2533,sex,2
2534,prince,2
2535,less,2
2536,learning,2
2537,ruined,2
2538,linked,2
2539,lamp,2
2540,increased,2
2541,effort,2
2542,monte,2
2543,maids,2
2544,zonda,2
2545,unwrapped,2
2546,jersey,2
2547,milk,2
2548,platform,2
2549,childish,2
2550,tossing,2
2551,smoky,2
2552,extra,2
2553,sell,2
2554,truck,2
2555,british,2
2556,welcome,2
2557,gibraltar,2
2558,gentille,2
2559,arranging,2
2560,provincetown,2
2561,arrow,2
2562,daytime,2
2563,ways,2
2564,tick,2
2565,strawberries,2
2566,sash,2
2567,shifting,2
2568,bets,2
2569,arrived,2
2570,scheduled,2
2571,soled,2
2572,undressing,2
2573,partner,2
2574,check,2
2575,racers,2
2576,tongue,2
2577,stencilled,2
2578,loaned,2
2579,faces,2
2580,built,2
2581,fancy,2
2582,dishes,1
2583,mason,1
2584,inventor,1
2585,ears,1
2586,reflex,1
2587,positive,1
2588,unscrewed,1
2589,doings,1
2590,chope,1
2591,pit,1
2592,reservations,1
2593,jacques,1
2594,daughters,1
2595,sweetshops,1
2596,transferred,1
2597,jealous,1
2598,impossible,1
2599,buen,1
2600,tobacco,1
2601,gore,1
2602,prepared,1
2603,terraces,1
2604,nuisance,1
2605,owned,1
2606,shampoo,1
2607,souvenir,1
2608,behaves,1
2609,clothing,1
2610,freight,1
2611,period,1
2612,sneers,1
2613,newcomer,1
2614,sloshed,1
2615,stud,1
2616,holder,1
2617,brushing,1
2618,arts,1
2619,midst,1
2620,bloodstained,1
2621,24th,1
2622,slanting,1
2623,whichever,1
2624,trainers,1
2625,fontainebleau,1
2626,cast,1
2627,launch,1
2628,honeymoon,1
2629,quantity,1
2630,hudson,1
2631,sometime,1
2632,hoping,1
2633,standards,1
2634,archivist,1
2635,celebrate,1
2636,controlled,1
2637,created,1
2638,alps,1
2639,baronet,1
2640,assistant,1
2641,continued,1
2642,details,1
2643,separately,1
2644,tone,1
2645,joystick,1
2646,simplest,1
2647,quid,1
2648,orchestra,1
2649,wrinkles,1
2650,gosh,1
2651,insults,1
2652,darndest,1
2653,pits,1
2654,farmhouses,1
2655,sanchez,1
2656,squeezing,1
2657,shelled,1
2658,dempsey,1
2659,edges,1
2660,untouched,1
2661,faculty,1
2662,educated,1
2663,norte,1
2664,rivers,1
2665,obstinate,1
2666,firmed,1
2667,rapped,1
2668,undergrowth,1
2669,curling,1
2670,sweating,1
2671,praised,1
2672,pied,1
2673,bundles,1
2674,alter,1
2675,powdering,1
2676,remaining,1
2677,angle,1
2678,cannot,1
2679,council,1
2680,tastes,1
2681,soft,1
2682,postman,1
2683,tooth,1
2684,pairs,1
2685,discussing,1
2686,imaginary,1
2687,verify,1
2688,avenues,1
2689,malaga,1
2690,brussels,1
2691,anatole,1
2692,gripped,1
2693,groups,1
2694,spaced,1
2695,grimacing,1
2696,kiss,1
2697,pockets,1
2698,cleaner,1
2699,blankets,1
2700,sellers,1
2701,sidestep,1
2702,drip,1
2703,fuller,1
2704,ordinarily,1
2705,civilization,1
2706,concentrated,1
2707,organizing,1
2708,œuvre,1
2709,jeronimo,1
2710,wetzel,1
2711,troubles,1
2712,waves,1
2713,boxers,1
2714,nosed,1
2715,plastered,1
2716,shocking,1
2717,otherwise,1
2718,panelled,1
2719,swear,1
2720,sacking,1
2721,doubled,1
2722,regretting,1
2723,correspondance,1
2724,crop,1
2725,lances,1
2726,occupation,1
2727,expectation,1
2728,available,1
2729,mighty,1
2730,misjudged,1
2731,temples,1
2732,undress,1
2733,por,1
2734,scotch,1
2735,fastened,1
2736,drawing,1
2737,infirmary,1
2738,subscriptions,1
2739,features,1
2740,dine,1
2741,careened,1
2742,lumber,1
2743,wan,1
2744,vengo,1
2745,incapacity,1
2746,page,1
2747,vine,1
2748,jota,1
2749,ronda,1
2750,sarasate,1
2751,milky,1
2752,intelligent,1
2753,kike,1
2754,posts,1
2755,circularizing,1
2756,unattractive,1
2757,strap,1
2758,tune,1
2759,stripped,1
2760,robes,1
2761,mask,1
2762,tragic,1
2763,abraham,1
2764,beans,1
2765,pics,1
2766,farm,1
2767,tar,1
2768,donkeys,1
2769,spoon,1
2770,señorito,1
2771,stock,1
2772,concession,1
2773,sale,1
2774,guns,1
2775,sending,1
2776,stamped,1
2777,snatched,1
2778,amused,1
2779,unreal,1
2780,freed,1
2781,cutter,1
2782,shells,1
2783,recognized,1
2784,6th,1
2785,boyish,1
2786,continual,1
2787,calculated,1
2788,capucines,1
2789,horseback,1
2790,fermines,1
2791,liège,1
2792,accordingly,1
2793,es,1
2794,injuries,1
2795,height,1
2796,upright,1
2797,returning,1
2798,remind,1
2799,jail,1
2800,plane,1
2801,level,1
2802,squares,1
2803,judgment,1
2804,intent,1
2805,monument,1
2806,wildly,1
2807,disgusting,1
2808,flicked,1
2809,petite,1
2810,whew,1
2811,subscribes,1
2812,phantom,1
2813,coats,1
2814,shows,1
2815,unbroken,1
2816,consigne,1
2817,corkscrews,1
2818,sliced,1
2819,fiacre,1
2820,gad,1
2821,yard,1
2822,gazette,1
2823,parts,1
2824,ripen,1
2825,furnish,1
2826,gulp,1
2827,porches,1
2828,brownish,1
2829,blackman,1
2830,categories,1
2831,uplift,1
2832,cabins,1
2833,gear,1
2834,shaped,1
2835,collection,1
2836,wallet,1
2837,discovery,1
2838,chateaux,1
2839,den,1
2840,balloon,1
2841,dayton,1
2842,poppies,1
2843,cheated,1
2844,belonged,1
2845,hanger,1
2846,artists,1
2847,stringing,1
2848,saluted,1
2849,claim,1
2850,centimos,1
2851,lathered,1
2852,vest,1
2853,biggest,1
2854,winded,1
2855,whirling,1
2856,immorality,1
2857,heroics,1
2858,piccadilly,1
2859,undone,1
2860,depression,1
2861,hilts,1
2862,fathers,1
2863,brick,1
2864,municipal,1
2865,jefferson,1
2866,selectioned,1
2867,smoothed,1
2868,lawns,1
2869,stragglers,1
2870,cornered,1
2871,spouts,1
2872,floating,1
2873,proposing,1
2874,1st,1
2875,leak,1
2876,cocher,1
2877,villar,1
2878,harvard,1
2879,towed,1
2880,settling,1
2881,bills,1
2882,initiative,1
2883,facts,1
2884,hay,1
2885,human,1
2886,glove,1
2887,tomorrow,1
2888,waded,1
2889,darbs,1
2890,hip,1
2891,wobbly,1
2892,denfert,1
2893,reality,1
2894,undecided,1
2895,fascinated,1
2896,pride,1
2897,detest,1
2898,imposed,1
2899,sweater,1
2900,nope,1
2901,worrying,1
2902,courtyard,1
2903,decadent,1
2904,acetylene,1
2905,rounded,1
2906,poked,1
2907,sealed,1
2908,blinked,1
2909,jueves,1
2910,enemies,1
2911,slate,1
2912,slammed,1
2913,sinker,1
2914,cocked,1
2915,taut,1
2916,118,1
2917,remembers,1
2918,scar,1
2919,kidnap,1
2920,strip,1
2921,rounds,1
2922,unforgivingly,1
2923,managers,1
2924,steins,1
2925,los,1
2926,ruptured,1
2927,deciding,1
2928,entendu,1
2929,announcing,1
2930,exits,1
2931,bilbao,1
2932,nevertheless,1
2933,age,1
2934,carafe,1
2935,jerez,1
2936,cans,1
2937,cinch,1
2938,distance,1
2939,tours,1
2940,glanced,1
2941,klaxons,1
2942,awoke,1
2943,properly,1
2944,matched,1
2945,gymnasium,1
2946,rockefeller,1
2947,stony,1
2948,hurrying,1
2949,limited,1
2950,employees,1
2951,belgians,1
2952,jacks,1
2953,rivoli,1
2954,various,1
2955,occupy,1
2956,bistro,1
2957,discussed,1
2958,dun,1
2959,warmed,1
2960,porto,1
2961,disliked,1
2962,judge,1
2963,borrow,1
2964,staff,1
2965,deprive,1
2966,technic,1
2967,bargemen,1
2968,released,1
2969,dominated,1
2970,dying,1
2971,raking,1
2972,shifted,1
2973,decadence,1
2974,invitation,1
2975,kirby,1
2976,personages,1
2977,engraving,1
2978,bocanegra,1
2979,horizons,1
2980,passage,1
2981,piles,1
2982,filthy,1
2983,duros,1
2984,undulations,1
2985,fare,1
2986,renewed,1
2987,ocean,1
2988,brightness,1
2989,stubs,1
2990,sized,1
2991,hombre,1
2992,professionally,1
2993,shakes,1
2994,schedules,1
2995,suffering,1
2996,usual,1
2997,chiefs,1
2998,unfolded,1
2999,v,1
3000,scotsmen,1
3001,flying,1
3002,merriment,1
3003,bota,1
3004,blur,1
3005,e,1
3006,lipstick,1
3007,icy,1
3008,armistice,1
3009,avila,1
3010,semaphore,1
3011,improved,1
3012,strung,1
3013,nature,1
3014,trips,1
3015,goring,1
3016,believed,1
3017,searching,1
3018,fewer,1
3019,hôtel,1
3020,flattering,1
3021,wrecking,1
3022,sided,1
3023,dab,1
3024,hippily,1
3025,compatriots,1
3026,critical,1
3027,tiger,1
3028,flamands,1
3029,brioche,1
3030,montagne,1
3031,unloading,1
3032,spell,1
3033,unstable,1
3034,roots,1
3035,cobbles,1
3036,printing,1
3037,societies,1
3038,sheathed,1
3039,moustache,1
3040,ironic,1
3041,bushels,1
3042,garrison,1
3043,footed,1
3044,puritans,1
3045,lowest,1
3046,setting,1
3047,difficulty,1
3048,younger,1
3049,altar,1
3050,pretended,1
3051,gap,1
3052,raspberry,1
3053,bastard,1
3054,baize,1
3055,slapping,1
3056,programme,1
3057,strewn,1
3058,presentation,1
3059,toothed,1
3060,understanding,1
3061,gripping,1
3062,shrugged,1
3063,revived,1
3064,inquiringly,1
3065,cost,1
3066,idiotic,1
3067,ringside,1
3068,commence,1
3069,clippety,1
3070,potatoes,1
3071,sweaters,1
3072,sidewalks,1
3073,oversensitized,1
3074,replacement,1
3075,stiffly,1
3076,scallops,1
3077,cabman,1
3078,grade,1
3079,forbidden,1
3080,roofed,1
3081,inclined,1
3082,curves,1
3083,forgave,1
3084,notices,1
3085,knob,1
3086,liaison,1
3087,façade,1
3088,mummy,1
3089,unbought,1
3090,excellent,1
3091,owes,1
3092,wrap,1
3093,scene,1
3094,brute,1
3095,arriero,1
3096,announcements,1
3097,restaurants,1
3098,browning,1
3099,graceful,1
3100,surfaced,1
3101,gym,1
3102,dignified,1
3103,toasted,1
3104,cove,1
3105,musette,1
3106,husband,1
3107,veuve,1
3108,distaste,1
3109,disappointed,1
3110,dinners,1
3111,spilled,1
3112,paved,1
3113,steaming,1
3114,alongside,1
3115,granted,1
3116,suavely,1
3117,banderilleros,1
3118,cuddled,1
3119,pirotecnico,1
3120,stubbornnesses,1
3121,titles,1
3122,chickens,1
3123,spender,1
3124,linen,1
3125,dedicated,1
3126,roncevaux,1
3127,bulging,1
3128,sixteen,1
3129,soldiers,1
3130,possessing,1
3131,canvas,1
3132,royalty,1
3133,legend,1
3134,n,1
3135,joselito,1
3136,throat,1
3137,corked,1
3138,stirring,1
3139,contempt,1
3140,reads,1
3141,templed,1
3142,pupil,1
3143,waist,1
3144,developing,1
3145,cardinal,1
3146,suburban,1
3147,headed,1
3148,mashed,1
3149,bethune,1
3150,palm,1
3151,envelopes,1
3152,wedding,1
3153,ringing,1
3154,irritated,1
3155,instance,1
3156,hairs,1
3157,welts,1
3158,commanding,1
3159,sheet,1
3160,vaya,1
3161,potato,1
3162,crinkled,1
3163,proudly,1
3164,attempt,1
3165,fines,1
3166,assault,1
3167,obligations,1
3168,jump,1
3169,image,1
3170,remarkably,1
3171,deceive,1
3172,youth,1
3173,biblical,1
3174,lures,1
3175,cheese,1
3176,gypsies,1
3177,concentration,1
3178,princesses,1
3179,sleeve,1
3180,mounted,1
3181,loads,1
3182,montereau,1
3183,pilgrimage,1
3184,innocent,1
3185,pas,1
3186,laundry,1
3187,montrouge,1
3188,wales,1
3189,philosophies,1
3190,chalked,1
3191,numbered,1
3192,growing,1
3193,17th,1
3194,inconsequentially,1
3195,mystifications,1
3196,1918,1
3197,hampers,1
3198,private,1
3199,sense,1
3200,cruel,1
3201,exact,1
3202,copies,1
3203,shore,1
3204,bladders,1
3205,tins,1
3206,cable,1
3207,pouring,1
3208,bursts,1
3209,watered,1
3210,related,1
3211,deserves,1
3212,flowed,1
3213,agency,1
3214,bulky,1
3215,dislikes,1
3216,drummers,1
3217,slabs,1
3218,violated,1
3219,resumed,1
3220,misunderstood,1
3221,notched,1
3222,spotted,1
3223,trunk,1
3224,spatted,1
3225,spurs,1
3226,occasionally,1
3227,alcohol,1
3228,fried,1
3229,technically,1
3230,loyal,1
3231,duster,1
3232,chanted,1
3233,phrase,1
3234,waggled,1
3235,duck,1
3236,honor,1
3237,version,1
3238,coolidge,1
3239,sucking,1
3240,primo,1
3241,dustily,1
3242,coins,1
3243,whacking,1
3244,banks,1
3245,baton,1
3246,sixty,1
3247,shisname,1
3248,drygoods,1
3249,si,1
3250,tearing,1
3251,forgiveness,1
3252,shines,1
3253,magnesium,1
3254,rocks,1
3255,publication,1
3256,bacon,1
3257,spiritual,1
3258,tumbled,1
3259,arresting,1
3260,eats,1
3261,chopped,1
3262,patent,1
3263,faintly,1
3264,finances,1
3265,dipped,1
3266,bulked,1
3267,owns,1
3268,reread,1
3269,eavesdropper,1
3270,furious,1
3271,prentiss,1
3272,camped,1
3273,soldiering,1
3274,margaux,1
3275,keeps,1
3276,damnation,1
3277,carrera,1
3278,thursday,1
3279,poisonous,1
3280,luxembourg,1
3281,skidding,1
3282,pyramides,1
3283,davidson,1
3284,squarely,1
3285,jerseys,1
3286,obscure,1
3287,lip,1
3288,dated,1
3289,beaten,1
3290,heather,1
3291,fastener,1
3292,simian,1
3293,knowledge,1
3294,numbed,1
3295,youthful,1
3296,carriages,1
3297,poules,1
3298,impaired,1
3299,darker,1
3300,guide,1
3301,horrors,1
3302,coop,1
3303,clattering,1
3304,saucer,1
3305,miracle,1
3306,swallowed,1
3307,simulate,1
3308,ain,1
3309,editing,1
3310,list,1
3311,unbuttoned,1
3312,barely,1
3313,defrauded,1
3314,packing,1
3315,sainte,1
3316,technicians,1
3317,pronounced,1
3318,applauded,1
3319,ah,1
3320,current,1
3321,respect,1
3322,trim,1
3323,panic,1
3324,bums,1
3325,modern,1
3326,bunches,1
3327,command,1
3328,collared,1
3329,stubble,1
3330,madam,1
3331,shipped,1
3332,hull,1
3333,lather,1
3334,whip,1
3335,richest,1
3336,handclapping,1
3337,angling,1
3338,dreamers,1
3339,cleanly,1
3340,quickest,1
3341,adjusted,1
3342,rattled,1
3343,theatrical,1
3344,pouches,1
3345,aristocracy,1
3346,mucha,1
3347,attacks,1
3348,weak,1
3349,tremendous,1
3350,push,1
3351,bashful,1
3352,borrowed,1
3353,strangely,1
3354,fourth,1
3355,juice,1
3356,soil,1
3357,banderillero,1
3358,fortune,1
3359,perspiring,1
3360,brusque,1
3361,ended,1
3362,duzinell,1
3363,marriage,1
3364,coldly,1
3365,confidential,1
3366,hottest,1
3367,gayarre,1
3368,deducted,1
3369,simulated,1
3370,marshal,1
3371,comparison,1
3372,strike,1
3373,bastards,1
3374,revolver,1
3375,explode,1
3376,precious,1
3377,gal,1
3378,embarrassedly,1
3379,doubtless,1
3380,scattered,1
3381,blows,1
3382,cockroach,1
3383,baking,1
3384,enjoyable,1
3385,sounding,1
3386,password,1
3387,canadian,1
3388,shown,1
3389,recovered,1
3390,telegrams,1
3391,affectionately,1
3392,stubborn,1
3393,enthusiastic,1
3394,overmatched,1
3395,smallest,1
3396,screwed,1
3397,unsmiling,1
3398,consider,1
3399,sheaf,1
3400,pig,1
3401,bordeaux,1
3402,barracks,1
3403,barmen,1
3404,disturbed,1
3405,novelist,1
3406,conceited,1
3407,accident,1
3408,apple,1
3409,jackets,1
3410,fright,1
3411,star,1
3412,complete,1
3413,mustaches,1
3414,monastic,1
3415,française,1
3416,coppers,1
3417,drizzle,1
3418,watchman,1
3419,smuggling,1
3420,sanguesa,1
3421,consent,1
3422,gaps,1
3423,ribs,1
3424,trousers,1
3425,conditions,1
3426,ideas,1
3427,gayety,1
3428,lanegresse,1
3429,throwing,1
3430,nouvelle,1
3431,urged,1
3432,misunderstand,1
3433,fems,1
3434,massacred,1
3435,extremely,1
3436,sweetest,1
3437,1832,1
3438,castile,1
3439,commoner,1
3440,tender,1
3441,bumped,1
3442,bounded,1
3443,irun,1
3444,divorces,1
3445,hams,1
3446,slang,1
3447,saints,1
3448,limp,1
3449,colors,1
3450,product,1
3451,belonging,1
3452,screen,1
3453,elk,1
3454,juncture,1
3455,reins,1
3456,rows,1
3457,moors,1
3458,muratti,1
3459,gallop,1
3460,track,1
3461,ospedale,1
3462,motioned,1
3463,rung,1
3464,brandies,1
3465,overfoliaged,1
3466,trajectory,1
3467,pastureland,1
3468,locality,1
3469,acres,1
3470,revue,1
3471,assimilated,1
3472,bottom,1
3473,tunes,1
3474,killing,1
3475,rafael,1
3476,relieved,1
3477,mouthpiece,1
3478,unshaved,1
3479,wrinkling,1
3480,tunnels,1
3481,elbows,1
3482,juanito,1
3483,waste,1
3484,singer,1
3485,ragging,1
3486,imperfections,1
3487,heavyweights,1
3488,vieux,1
3489,toros,1
3490,opens,1
3491,hits,1
3492,garter,1
3493,frank,1
3494,aside,1
3495,italians,1
3496,signed,1
3497,sentences,1
3498,countries,1
3499,liqueurs,1
3500,tweed,1
3501,costs,1
3502,iss,1
3503,kepis,1
3504,sobered,1
3505,rested,1
3506,frenchmen,1
3507,20th,1
3508,damoy,1
3509,underfed,1
3510,european,1
3511,jolted,1
3512,lidia,1
3513,per,1
3514,bonds,1
3515,honk,1
3516,ninth,1
3517,instant,1
3518,splendidly,1
3519,barcelona,1
3520,alexander,1
3521,ashes,1
3522,nuestra,1
3523,cheaper,1
3524,nacional,1
3525,direction,1
3526,banjo,1
3527,bowls,1
3528,particularly,1
3529,comrade,1
3530,supplied,1
3531,apologetically,1
3532,circe,1
3533,advantage,1
3534,singers,1
3535,mug,1
3536,engaged,1
3537,burned,1
3538,cuffs,1
3539,loses,1
3540,wagged,1
3541,heels,1
3542,bruges,1
3543,stays,1
3544,brothers,1
3545,equipped,1
3546,suicide,1
3547,flank,1
3548,apertures,1
3549,leaders,1
3550,dancings,1
3551,sighting,1
3552,lightening,1
3553,armed,1
3554,suggestion,1
3555,accept,1
3556,cliquot,1
3557,lalanda,1
3558,students,1
3559,levelling,1
3560,metres,1
3561,braddock,1
3562,burying,1
3563,lazare,1
3564,esta,1
3565,male,1
3566,battle,1
3567,sinister,1
3568,mystery,1
3569,domestic,1
3570,institute,1
3571,bandaged,1
3572,unhappiness,1
3573,promptly,1
3574,painfully,1
3575,adventure,1
3576,outbursts,1
3577,forks,1
3578,thickened,1
3579,ducks,1
3580,power,1
3581,bias,1
3582,c,1
3583,sang,1
3584,publish,1
3585,pelouse,1
3586,limousine,1
3587,considered,1
3588,acquired,1
3589,mountainside,1
3590,handsome,1
3591,restraint,1
3592,blown,1
3593,strength,1
3594,mysteries,1
3595,insides,1
3596,miura,1
3597,hail,1
3598,sensations,1
3599,attraction,1
3600,wheels,1
3601,disappearing,1
3602,placed,1
3603,quais,1
3604,swaying,1
3605,nix,1
3606,marries,1
3607,château,1
3608,punching,1
3609,manipulated,1
3610,wave,1
3611,islands,1
3612,adventures,1
3613,positively,1
3614,brighten,1
3615,straining,1
3616,fans,1
3617,undershirt,1
3618,astonished,1
3619,swallowing,1
3620,katherine,1
3621,assure,1
3622,utilizing,1
3623,waitress,1
3624,shameful,1
3625,officer,1
3626,cheerfulness,1
3627,africa,1
3628,regularly,1
3629,hearing,1
3630,comparatively,1
3631,beats,1
3632,defensive,1
3633,stems,1
3634,comment,1
3635,buoyant,1
3636,spilling,1
3637,betting,1
3638,sportsmen,1
3639,disbelieved,1
3640,newly,1
3641,economic,1
3642,à,1
3643,coolness,1
3644,doorways,1
3645,costume,1
3646,question,1
3647,examination,1
3648,englishwomen,1
3649,die,1
3650,versailles,1
3651,lonely,1
3652,letting,1
3653,cook,1
3654,unattainable,1
3655,magnums,1
3656,hickory,1
3657,tail,1
3658,dred,1
3659,manageable,1
3660,cruise,1
3661,sapling,1
3662,shared,1
3663,covering,1
3664,striking,1
3665,puerta,1
3666,rugs,1
3667,seemingly,1
3668,gentry,1
3669,colored,1
3670,servings,1
3671,possession,1
3672,peasant,1
3673,bulletin,1
3674,lower,1
3675,gents,1
3676,permission,1
3677,garage,1
3678,foyot,1
3679,sifted,1
3680,prep,1
3681,skyline,1
3682,feed,1
3683,connected,1
3684,lemoine,1
3685,raced,1
3686,etienne,1
3687,unload,1
3688,bluffs,1
3689,cordially,1
3690,stained,1
3691,proper,1
3692,picking,1
3693,plump,1
3694,breaking,1
3695,towns,1
3696,soufflot,1
3697,pursed,1
3698,loss,1
3699,enuff,1
3700,reverse,1
3701,caps,1
3702,señora,1
3703,enjoys,1
3704,reminded,1
3705,prohibition,1
3706,crumbs,1
3707,mixture,1
3708,willys,1
3709,orange,1
3710,discover,1
3711,r,1
3712,delambre,1
3713,beeches,1
3714,audience,1
3715,gobelins,1
3716,corks,1
3717,hence,1
3718,landes,1
3719,hamilton,1
3720,onions,1
3721,slab,1
3722,provide,1
3723,saddles,1
3724,gallon,1
3725,carbons,1
3726,drunker,1
3727,fratellinis,1
3728,leaved,1
3729,poised,1
3730,limpia,1
3731,vain,1
3732,handles,1
3733,frames,1
3734,asphalt,1
3735,le,1
3736,forefinger,1
3737,enters,1
3738,buttonholed,1
3739,y,1
3740,30,1
3741,brakes,1
3742,relatives,1
3743,argue,1
3744,retired,1
3745,film,1
3746,personally,1
3747,guardedly,1
3748,vegetable,1
3749,soaked,1
3750,razzing,1
3751,earthenware,1
3752,clouding,1
3753,lean,1
3754,rinse,1
3755,clusters,1
3756,dusky,1
3757,noticeable,1
3758,mystic,1
3759,auto,1
3760,ripped,1
3761,element,1
3762,desencajonada,1
3763,passionate,1
3764,legged,1
3765,mcgintys,1
3766,tapered,1
3767,fowls,1
3768,manila,1
3769,rug,1
3770,paula,1
3771,herring,1
3772,stranger,1
3773,gent,1
3774,staged,1
3775,strangers,1
3776,yacht,1
3777,yeah,1
3778,whiskeys,1
3779,headland,1
3780,counteract,1
3781,perfunctorily,1
3782,booth,1
3783,klan,1
3784,hiding,1
3785,clopping,1
3786,un,1
3787,religion,1
3788,wool,1
3789,promoter,1
3790,manufacturers,1
3791,braggartly,1
3792,bluff,1
3793,loosen,1
3794,throatily,1
3795,blessings,1
3796,lake,1
3797,wars,1
3798,burning,1
3799,imitated,1
3800,recharged,1
3801,temporarily,1
3802,invite,1
3803,intending,1
3804,scars,1
3805,rivera,1
3806,hooded,1
3807,services,1
3808,forefingers,1
3809,chances,1
3810,belong,1
3811,pools,1
3812,boasting,1
3813,shrapnel,1
3814,holes,1
3815,twitching,1
3816,gran,1
3817,insist,1
3818,jerked,1
3819,bins,1
3820,mountainsides,1
3821,beggars,1
3822,faubourg,1
3823,rigidly,1
3824,silhouetted,1
3825,mont,1
3826,squatting,1
3827,groggy,1
3828,curbs,1
3829,defined,1
3830,satisfactory,1
3831,revolutions,1
3832,cerf,1
3833,liking,1
3834,severe,1
3835,millionaire,1
3836,apportioned,1
3837,lunched,1
3838,romance,1
3839,lipless,1
3840,tons,1
3841,elation,1
3842,aw,1
3843,species,1
3844,conversations,1
3845,keen,1
3846,exploding,1
3847,awnings,1
3848,twirled,1
3849,valuable,1
3850,movements,1
3851,flatter,1
3852,vermouth,1
3853,vulgar,1
3854,goat,1
3855,frogs,1
3856,tucking,1
3857,extent,1
3858,undergraduate,1
3859,partition,1
3860,punishment,1
3861,harder,1
3862,parcels,1
3863,villas,1
3864,imperceptible,1
3865,satisfied,1
3866,compactly,1
3867,recommended,1
3868,owed,1
3869,prospect,1
3870,conceit,1
3871,dew,1
3872,prevent,1
3873,tea,1
3874,shadows,1
3875,ramparts,1
3876,lurched,1
3877,fordham,1
3878,receive,1
3879,ruin,1
3880,quivering,1
3881,curtained,1
3882,singly,1
3883,jutted,1
3884,festival,1
3885,abandoned,1
3886,accidental,1
3887,confession,1
3888,flow,1
3889,drivers,1
3890,tarpaulins,1
3891,uniform,1
3892,enforcing,1
3893,estella,1
3894,event,1
3895,passengers,1
3896,teach,1
3897,puts,1
3898,inscriptions,1
3899,hates,1
3900,august,1
3901,exercised,1
3902,upbringal,1
3903,huh,1
3904,successive,1
3905,gutter,1
3906,angles,1
3907,spraddled,1
3908,useful,1
3909,moraine,1
3910,dreamt,1
3911,tuesday,1
3912,panier,1
3913,steward,1
3914,pause,1
3915,mount,1
3916,announce,1
3917,east,1
3918,rock,1
3919,weighted,1
3920,sweeps,1
3921,sailor,1
3922,west,1
3923,houseful,1
3924,shed,1
3925,piped,1
3926,bonapartist,1
3927,botas,1
3928,æsthetics,1
3929,stepping,1
3930,slurred,1
3931,incomplete,1
3932,weakened,1
3933,liter,1
3934,bending,1
3935,host,1
3936,surer,1
3937,spirit,1
3938,protestants,1
3939,discovering,1
3940,fearful,1
3941,beret,1
3942,taureaux,1
3943,march,1
3944,explains,1
3945,chica,1
3946,railing,1
3947,downward,1
3948,mouche,1
3949,mornings,1
3950,closing,1
3951,surprised,1
3952,appearances,1
3953,trays,1
3954,lemon,1
3955,forms,1
3956,radiant,1
3957,cornigrams,1
3958,regretted,1
3959,gib,1
3960,attracted,1
3961,gorse,1
3962,theirs,1
3963,pestilential,1
3964,source,1
3965,davis,1
3966,departure,1
3967,bathed,1
3968,languidly,1
3969,flamand,1
3970,exploitation,1
3971,legislation,1
3972,taps,1
3973,joyful,1
3974,hahre,1
3975,fistula,1
3976,lasted,1
3977,beaming,1
3978,foliage,1
3979,cinzano,1
3980,christ,1
3981,closeness,1
3982,odile,1
3983,suerte,1
3984,fleuri,1
3985,moisture,1
3986,judy,1
3987,discomposed,1
3988,waitresses,1
3989,hyphen,1
3990,apologized,1
3991,meeting,1
3992,parchment,1
3993,christmas,1
3994,lenglen,1
3995,batons,1
3996,gloved,1
3997,weekend,1
3998,lumping,1
3999,pounded,1
4000,wopping,1
4001,packages,1
4002,faith,1
4003,wasted,1
4004,expenses,1
4005,pigskin,1
4006,chanting,1
4007,chunk,1
4008,fabrica,1
4009,trouty,1
4010,brand,1
4011,outlying,1
4012,francis,1
4013,chez,1
4014,drying,1
4015,carlos,1
4016,keeping,1
4017,sputtering,1
4018,abyssinia,1
4019,tadpoles,1
4020,correspondents,1
4021,inches,1
4022,thicknesses,1
4023,daily,1
4024,apéritif,1
4025,secrets,1
4026,weigh,1
4027,quieted,1
4028,hopped,1
4029,golf,1
4030,concerts,1
4031,slid,1
4032,permits,1
4033,toril,1
4034,tues,1
4035,nap,1
4036,position,1
4037,inferiority,1
4038,strega,1
4039,pajamas,1
4040,barges,1
4041,dashing,1
4042,utterly,1
4043,unexplainable,1
4044,mimicked,1
4045,crash,1
4046,wrappers,1
4047,runs,1
4048,fills,1
4049,hunt,1
4050,markets,1
4051,joyeux,1
4052,rio,1
4053,brusqueness,1
4054,shallow,1
4055,metal,1
4056,bonaparte,1
4057,pages,1
4058,tiled,1
4059,mister,1
4060,listening,1
4061,bloom,1
4062,ragged,1
4063,downstairs,1
4064,rimmed,1
4065,conquer,1
4066,regards,1
4067,corking,1
4068,fortunes,1
4069,compatriot,1
4070,delayed,1
4071,moonlight,1
4072,cent,1
4073,simpering,1
4074,eau,1
4075,surface,1
4076,vaguely,1
4077,gallo,1
4078,daunt,1
4079,drives,1
4080,unfinished,1
4081,protest,1
4082,wickets,1
4083,afford,1
4084,wreaths,1
4085,swath,1
4086,grady,1
4087,nightmares,1
4088,congratulations,1
4089,razor,1
4090,streak,1
4091,luminous,1
4092,foolishly,1
4093,divorced,1
4094,expect,1
4095,cocktail,1
4096,etched,1
4097,mistresses,1
4098,merely,1
4099,garçon,1
4100,carpenters,1
4101,hôte,1
4102,directing,1
4103,clearings,1
4104,pickled,1
4105,piping,1
4106,appreciated,1
4107,typically,1
4108,slope,1
4109,qualities,1
4110,silver,1
4111,loveliest,1
4112,musta,1
4113,salted,1
4114,riff,1
4115,eighteen,1
4116,emptied,1
4117,convent,1
4118,undischarged,1
4119,chill,1
4120,sugar,1
4121,retribution,1
4122,break,1
4123,plank,1
4124,fuss,1
4125,khaki,1
4126,fog,1
4127,thaats,1
4128,lover,1
4129,ceiling,1
4130,massed,1
4131,bigger,1
4132,demonstration,1
4133,sheep,1
4134,outsiders,1
4135,actions,1
4136,rub,1
4137,connais,1
4138,composure,1
4139,angel,1
4140,browned,1
4141,shouts,1
4142,barbering,1
4143,former,1
4144,blouse,1
4145,sprinted,1
4146,advised,1
4147,fingering,1
4148,staggered,1
4149,shucked,1
4150,amorous,1
4151,deeper,1
4152,possessed,1
4153,tension,1
4154,sailing,1
4155,ohio,1
4156,pressure,1
4157,supplies,1
4158,underclothes,1
4159,exclaimed,1
4160,easily,1
4161,goddam,1
4162,intensely,1
4163,gentility,1
4164,calamity,1
4165,falling,1
4166,split,1
4167,declare,1
4168,rome,1
4169,strengthened,1
4170,financial,1
4171,brocaded,1
4172,strapped,1
4173,twirl,1
4174,unstrapped,1
4175,marquez,1
4176,portrait,1
4177,moulded,1
4178,pernods,1
4179,regarded,1
4180,lied,1
4181,dumb,1
4182,flagpoles,1
4183,hardy,1
4184,depresses,1
4185,exposure,1
4186,contortions,1
4187,disjointed,1
4188,swords,1
4189,maximum,1
4190,cordon,1
4191,floated,1
4192,urging,1
4193,officers,1
4194,ustedes,1
4195,capework,1
4196,inflected,1
4197,launder,1
4198,cooking,1
4199,battleship,1
4200,faded,1
4201,paix,1
4202,washstand,1
4203,diplomat,1
4204,stakes,1
4205,smashed,1
4206,tempt,1
4207,errand,1
4208,recently,1
4209,apparent,1
4210,stars,1
4211,baiting,1
4212,unbolted,1
4213,pheasants,1
4214,nowadays,1
4215,preferred,1
4216,appointments,1
4217,file,1
4218,greenish,1
4219,g,1
4220,healthful,1
4221,daylight,1
4222,sincere,1
4223,benefit,1
4224,panels,1
4225,polished,1
4226,squeezed,1
4227,slaves,1
4228,shatter,1
4229,cap,1
4230,eccentric,1
4231,specialist,1
4232,atmosphere,1
4233,haircut,1
4234,expose,1
4235,alimony,1
4236,tore,1
4237,ankles,1
4238,2432,1
4239,lined,1
4240,trampled,1
4241,scraping,1
4242,comb,1
4243,lorgnons,1
4244,percale,1
4245,pure,1
4246,wading,1
4247,rejoin,1
4248,berths,1
4249,taught,1
4250,forests,1
4251,passable,1
4252,ed,1
4253,pry,1
4254,circled,1
4255,morality,1
4256,longings,1
4257,internally,1
4258,emphasize,1
4259,gambler,1
4260,vague,1
4261,ignored,1
4262,mark,1
4263,roar,1
4264,nickelled,1
4265,classic,1
4266,undershirts,1
4267,guards,1
4268,curious,1
4269,troughs,1
4270,muttered,1
4271,solidly,1
4272,angered,1
4273,convinced,1
4274,parquet,1
4275,toys,1
4276,nada,1
4277,olive,1
4278,sureness,1
4279,boat,1
4280,triumphs,1
4281,heavily,1
4282,ladled,1
4283,bootblack,1
4284,bride,1
4285,commercial,1
4286,alger,1
4287,loosened,1
4288,via,1
4289,farther,1
4290,indians,1
4291,explain,1
4292,alsace,1
4293,wired,1
4294,army,1
4295,generous,1
4296,belfort,1
4297,pink,1
4298,abnormal,1
4299,straps,1
4300,dives,1
4301,trick,1
4302,development,1
4303,advisory,1
4304,association,1
4305,featherweights,1
4306,youngsters,1
4307,returned,1
4308,spoiled,1
4309,sacrifices,1
4310,navarrais,1
4311,scott,1
4312,obvious,1
4313,rabbits,1
4314,h,1
4315,dampened,1
4316,frients,1
4317,drag,1
4318,charmingly,1
4319,lock,1
4320,tablet,1
4321,fer,1
4322,buckwheat,1
4323,confider,1
4324,mule,1
4325,begs,1
4326,sorted,1
4327,determination,1
4328,flamenco,1
4329,liquor,1
4330,greater,1
4331,counted,1
4332,poule,1
4333,rag,1
4334,forth,1
4335,clever,1
4336,unpacked,1
4337,peseta,1
4338,translate,1
4339,tips,1
4340,lyons,1
4341,highly,1
4342,unfortunate,1
4343,farming,1
4344,guests,1
4345,graces,1
4346,wicked,1
4347,tipping,1
4348,voted,1
4349,sole,1
4350,suggesting,1
4351,hotels,1
4352,1905,1
4353,est,1
4354,tuna,1
4355,passion,1
4356,veritable,1
4357,tin,1
4358,berth,1
4359,thundering,1
4360,raises,1
4361,nearest,1
4362,highest,1
4363,lesbians,1
4364,gaining,1
4365,release,1
4366,chantilly,1
4367,bartenders,1
4368,garden,1
4369,puffing,1
4370,hesitated,1
4371,accepted,1
4372,contract,1
4373,externally,1
4374,helps,1
4375,tripped,1
4376,sketches,1
4377,eleventh,1
4378,bureau,1
4379,sundays,1
4380,suspicion,1
4381,mould,1
4382,harlot,1
4383,unloadings,1
4384,latest,1
4385,marrying,1
4386,matador,1
4387,perish,1
4388,parking,1
4389,triumph,1
4390,frozen,1
4391,objected,1
4392,example,1
4393,sobrepuertos,1
4394,possible,1
4395,weighed,1
4396,pockmarked,1
4397,trotting,1
4398,cornada,1
4399,disgraceful,1
4400,tribute,1
4401,stationery,1
4402,shelves,1
4403,collects,1
4404,obsessed,1
4405,fooled,1
4406,shyness,1
4407,boxed,1
4408,cash,1
4409,litre,1
4410,jerkily,1
4411,professional,1
4412,maggiore,1
4413,bolted,1
4414,motion,1
4415,camp,1
4416,jazz,1
4417,brass,1
4418,bothered,1
4419,jelly,1
4420,classmate,1
4421,missing,1
4422,hen,1
4423,oral,1
4424,jolt,1
4425,ardennes,1
4426,jockeys,1
4427,forgotten,1
4428,sincerity,1
4429,affair,1
4430,exit,1
4431,logs,1
4432,priests,1
4433,asks,1
4434,catholics,1
4435,present,1
4436,tasting,1
4437,ile,1
4438,fixing,1
4439,selling,1
4440,rash,1
4441,cities,1
4442,lump,1
4443,gravelled,1
4444,expatriated,1
4445,cramp,1
4446,lettered,1
4447,sportive,1
4448,striped,1
4449,illuminated,1
4450,whistle,1
4451,strips,1
4452,staffs,1
4453,curve,1
4454,funds,1
4455,idiom,1
4456,veronicas,1
4457,keeper,1
4458,comfort,1
4459,depths,1
4460,emotions,1
4461,pilgrim,1
4462,turning,1
4463,sunken,1
4464,careers,1
4465,unexplained,1
4466,baron,1
4467,inscription,1
4468,scuffed,1
4469,deserving,1
4470,nod,1
4471,picturing,1
4472,applauding,1
4473,indeed,1
4474,laughter,1
4475,mons,1
4476,sloped,1
4477,ethics,1
4478,commit,1
4479,tumblerful,1
4480,feelings,1
4481,cop,1
4482,malagueño,1
4483,flicking,1
4484,tromper,1
4485,flap,1
4486,oiled,1
4487,breakers,1
4488,fashionably,1
4489,concourse,1
4490,flemish,1
4491,slippered,1
4492,massachusetts,1
4493,englishmen,1
4494,degree,1
4495,rocking,1
4496,hailed,1
4497,flared,1
4498,pleasantly,1
4499,bankrupts,1
4500,jutting,1
4501,popular,1
4502,using,1
4503,overtipped,1
4504,wasting,1
4505,practically,1
4506,p,1
4507,veronica,1
4508,included,1
4509,ruins,1
4510,fondas,1
4511,distant,1
4512,bamboo,1
4513,misunderstanding,1
4514,bathers,1
4515,distinguished,1
4516,suspicious,1
4517,slipover,1
4518,liberty,1
4519,advise,1
4520,backward,1
4521,purely,1
4522,driven,1
4523,advertised,1
4524,waltzing,1
4525,ex,1
4526,priceless,1
4527,mistrust,1
4528,confuse,1
4529,thumbed,1
4530,headlight,1
4531,maître,1
4532,pères,1
4533,cleared,1
4534,shaker,1
4535,syndicat,1
4536,due,1
4537,spurt,1
4538,sorbonne,1
4539,3,1
4540,flower,1
4541,divine,1
4542,sleeveless,1
4543,gunny,1
4544,resolving,1
4545,mouffetard,1
4546,frontier,1
4547,single,1
4548,injustice,1
4549,cry,1
4550,begin,1
4551,gypsy,1
4552,grâce,1
4553,lodge,1
4554,rusty,1
4555,sister,1
4556,nervousness,1
4557,indifferent,1
4558,oaks,1
4559,ostentatious,1
4560,conscious,1
4561,livery,1
4562,shakily,1
4563,swing,1
4564,talks,1
4565,spelling,1
4566,brilliant,1
4567,ace,1
4568,solemnly,1
4569,scenery,1
4570,scarlet,1
4571,tricornered,1
4572,trickling,1
4573,bubble,1
4574,friday,1
4575,emptying,1
4576,rude,1
4577,itinerary,1
4578,cucumbers,1
4579,snapper,1
4580,tabemo,1
4581,chips,1
4582,prepped,1
4583,oxen,1
4584,recounts,1
4585,proselyting,1
4586,bottechia,1
4587,indecent,1
4588,dysentery,1
4589,ripe,1
4590,delicate,1
4591,sausages,1
4592,broad,1
4593,forceful,1
4594,cleanest,1
4595,denver,1
4596,cracking,1
4597,gown,1
4598,slit,1
4599,stockings,1
4600,holds,1
4601,philosophy,1
4602,lion,1
4603,exalted,1
4604,editorial,1
4605,grievance,1
4606,thirst,1
4607,orléans,1
4608,coves,1
4609,compact,1
4610,publishers,1
4611,ciudad,1
4612,carry,1
4613,stumbled,1
4614,suckling,1
4615,share,1
4616,austin,1
4617,plainly,1
4618,estate,1
4619,phrases,1
4620,geneviève,1
4621,accounts,1
4622,parked,1
4623,widow,1
4624,literally,1
4625,sawmill,1
4626,key,1
4627,knocking,1
4628,consciousness,1
4629,bleed,1
4630,drinker,1
4631,shrilled,1
4632,lewd,1
4633,bankers,1
4634,drunkard,1
4635,forefeet,1
4636,outer,1
4637,frankly,1
4638,businesslike,1
4639,yellower,1
4640,shelters,1
4641,goods,1
4642,gills,1
4643,pesage,1
4644,flick,1
4645,charley,1
4646,rushing,1
4647,interrupting,1
4648,caring,1
4649,angeles,1
4650,hoffenheimer,1
4651,account,1
4652,bundle,1
4653,aware,1
4654,jointed,1
4655,digging,1
4656,rochereau,1
4657,sadly,1
4658,quivered,1
4659,amontillado,1
4660,bateau,1
4661,satisfaction,1
4662,points,1
4663,hardening,1
4664,peeling,1
4665,aux,1
4666,arga,1
4667,harness,1
4668,fineness,1
4669,powdered,1
4670,dangerously,1
4671,depart,1
4672,kneeling,1
4673,acclamation,1
4674,belled,1
4675,elm,1
4676,stacking,1
4677,fonder,1
4678,alive,1
4679,spends,1
4680,affection,1
4681,resting,1
4682,volley,1
4683,crossroads,1
4684,paname,1
4685,pharmacy,1
4686,actively,1
4687,scads,1
4688,tolerant,1
4689,swells,1
4690,sou,1
4691,crowbars,1
4692,fashionable,1
4693,possibly,1
4694,obviously,1
4695,lapses,1
4696,fountain,1
4697,unlatched,1
4698,snappers,1
4699,law,1
4700,sorts,1
4701,cologne,1
4702,journey,1
4703,dites,1
4704,reflect,1
4705,meats,1
4706,patch,1
4707,attack,1
4708,touches,1
4709,invented,1
